{"cameraMode":{"drawMode":0,"name":"Shaded","section":"Shading Mode"},"sceneLighting":false,"audioPlay":false,"sceneViewState":{"showFog":false,"showMaterialUpdate":false,"showSkybox":false,"showFlares":false,"showImageEffects":false,"showParticleSystems":false},"in2DMode":false,"pivot":{"x":31.540699005126954,"y":8.784915924072266,"z":56.190120697021487},"rotation":{"x":-0.05304621905088425,"y":0.621126651763916,"z":-0.04216137155890465,"w":-0.7808471322059631},"size":17.406558990478517,"orthographic":false}