{"cameraMode":{"drawMode":0,"name":"Shaded","section":"Shading Mode"},"sceneLighting":true,"audioPlay":false,"sceneViewState":{"showFog":true,"showMaterialUpdate":true,"showSkybox":true,"showFlares":true,"showImageEffects":true,"showParticleSystems":true},"in2DMode":false,"pivot":{"x":159.88270568847657,"y":-1.2340985536575318,"z":5159.3857421875},"rotation":{"x":0.1395159810781479,"y":-0.6103255748748779,"z":0.11031670868396759,"w":0.7719430923461914},"size":14.507161140441895,"orthographic":false}