{"cameraMode":{"drawMode":0,"name":"Shaded","section":"Shading Mode"},"sceneLighting":true,"audioPlay":false,"sceneViewState":{"showFog":true,"showMaterialUpdate":true,"showSkybox":true,"showFlares":true,"showImageEffects":true,"showParticleSystems":true},"in2DMode":false,"pivot":{"x":302.54241943359377,"y":37.20856475830078,"z":5170.009765625},"rotation":{"x":0.012052800506353379,"y":-0.6953110694885254,"z":-0.012142985127866269,"w":-0.7187519073486328},"size":14.507161140441895,"orthographic":false}