{"cameraMode":{"drawMode":0,"name":"Shaded","section":"Shading Mode"},"sceneLighting":false,"audioPlay":false,"sceneViewState":{"showFog":true,"showMaterialUpdate":true,"showSkybox":false,"showFlares":true,"showImageEffects":true,"showParticleSystems":true},"in2DMode":false,"pivot":{"x":196.8466796875,"y":3.480146884918213,"z":5150.7177734375},"rotation":{"x":-0.00466185063123703,"y":0.9213838577270508,"z":0.011057141236960888,"w":0.38846927881240847},"size":10.013177871704102,"orthographic":true}