{"cameraMode":{"drawMode":0,"name":"Shaded","section":"Shading Mode"},"sceneLighting":false,"audioPlay":false,"sceneViewState":{"showFog":false,"showMaterialUpdate":false,"showSkybox":false,"showFlares":false,"showImageEffects":false,"showParticleSystems":false},"in2DMode":false,"pivot":{"x":6.064337730407715,"y":1.3657304048538209,"z":-7.799966812133789},"rotation":{"x":-0.09947121888399124,"y":0.6692973375320435,"z":-0.09112086147069931,"w":-0.7306567430496216},"size":11.573208808898926,"orthographic":false}