{"cameraMode":{"drawMode":0,"name":"Shaded","section":"Shading Mode"},"sceneLighting":false,"audioPlay":false,"sceneViewState":{"showFog":false,"showMaterialUpdate":false,"showSkybox":false,"showFlares":false,"showImageEffects":false,"showParticleSystems":false},"in2DMode":false,"pivot":{"x":-0.27086925506591799,"y":-1.0114248991012574,"z":0.9125637412071228},"rotation":{"x":-0.1696581095457077,"y":0.5534845590591431,"z":-0.11657271534204483,"w":-0.8071452379226685},"size":5.276636600494385,"orthographic":false}