{"cameraMode":{"drawMode":0,"name":"Shaded","section":"Shading Mode"},"sceneLighting":true,"audioPlay":false,"sceneViewState":{"showFog":true,"showMaterialUpdate":true,"showSkybox":true,"showFlares":true,"showImageEffects":true,"showParticleSystems":true},"in2DMode":false,"pivot":{"x":529.89892578125,"y":-0.3045459985733032,"z":5158.8134765625},"rotation":{"x":0.09782591462135315,"y":0.6652001142501831,"z":-0.08851640671491623,"w":0.7349515557289124},"size":14.507161140441895,"orthographic":false}