{"cameraMode":{"drawMode":0,"name":"Shaded","section":"Shading Mode"},"sceneLighting":true,"audioPlay":false,"sceneViewState":{"showFog":true,"showMaterialUpdate":true,"showSkybox":true,"showFlares":true,"showImageEffects":true,"showParticleSystems":true},"in2DMode":false,"pivot":{"x":176.4940185546875,"y":14.994844436645508,"z":5113.224609375},"rotation":{"x":0.09001924842596054,"y":0.21923308074474336,"z":-0.02027946710586548,"w":0.9713935256004334},"size":4.773977279663086,"orthographic":false}