{"cameraMode":{"drawMode":0,"name":"Shaded","section":"Shading Mode"},"sceneLighting":false,"audioPlay":false,"sceneViewState":{"showFog":false,"showMaterialUpdate":false,"showSkybox":false,"showFlares":false,"showImageEffects":false,"showParticleSystems":false},"in2DMode":false,"pivot":{"x":2.6776864528656008,"y":2.162703514099121,"z":-4.818271636962891},"rotation":{"x":0.020818253979086877,"y":-0.9780965447425842,"z":0.12122499942779541,"w":0.16800417006015778},"size":3.7772791385650636,"orthographic":false}