{"cameraMode":{"drawMode":0,"name":"Shaded","section":"Shading Mode"},"sceneLighting":true,"audioPlay":false,"sceneViewState":{"showFog":true,"showMaterialUpdate":true,"showSkybox":true,"showFlares":true,"showImageEffects":true,"showParticleSystems":true},"in2DMode":false,"pivot":{"x":146.33407592773438,"y":0.962269127368927,"z":5156.224609375},"rotation":{"x":0.046529948711395267,"y":-0.7305504083633423,"z":0.05007650703191757,"w":0.6797142028808594},"size":24.040287017822267,"orthographic":false}