{"cameraMode":{"drawMode":0,"name":"Shaded","section":"Shading Mode"},"sceneLighting":false,"audioPlay":false,"sceneViewState":{"showFog":false,"showMaterialUpdate":false,"showSkybox":false,"showFlares":false,"showImageEffects":false,"showParticleSystems":false},"in2DMode":false,"pivot":{"x":23.96028709411621,"y":-22.307876586914064,"z":88.665771484375},"rotation":{"x":0.21337749063968659,"y":0.19183741509914399,"z":-0.0425347238779068,"w":0.9571081399917603},"size":62.88323211669922,"orthographic":false}