{"cameraMode":{"drawMode":0,"name":"Shaded","section":"Shading Mode"},"sceneLighting":true,"audioPlay":false,"sceneViewState":{"showFog":true,"showMaterialUpdate":true,"showSkybox":true,"showFlares":true,"showImageEffects":true,"showParticleSystems":true},"in2DMode":false,"pivot":{"x":170.63980102539063,"y":2.4838318824768068,"z":5155.3134765625},"rotation":{"x":0.13718274235725404,"y":-0.3609374761581421,"z":0.05384806543588638,"w":0.9209648966789246},"size":4.773977279663086,"orthographic":false}