{"cameraMode":{"drawMode":0,"name":"Shaded","section":"Shading Mode"},"sceneLighting":false,"audioPlay":false,"sceneViewState":{"showFog":false,"showMaterialUpdate":false,"showSkybox":false,"showFlares":false,"showImageEffects":false,"showParticleSystems":false},"in2DMode":false,"pivot":{"x":16.32547378540039,"y":100.38444519042969,"z":154.44061279296876},"rotation":{"x":-0.012242964468896389,"y":0.9352749586105347,"z":-0.35237085819244387,"w":-0.032601576298475268},"size":22.0,"orthographic":false}