{"cameraMode":{"drawMode":0,"name":"Shaded","section":"Shading Mode"},"sceneLighting":false,"audioPlay":false,"sceneViewState":{"showFog":true,"showMaterialUpdate":true,"showSkybox":false,"showFlares":true,"showImageEffects":true,"showParticleSystems":true},"in2DMode":false,"pivot":{"x":169.06712341308595,"y":1.706933617591858,"z":5157.40966796875},"rotation":{"x":0.04401976987719536,"y":-0.9292125105857849,"z":0.11770550906658173,"w":0.34752973914146426},"size":5.330678939819336,"orthographic":false}