{"cameraMode":{"drawMode":0,"name":"Shaded","section":"Shading Mode"},"sceneLighting":false,"audioPlay":false,"sceneViewState":{"showFog":true,"showMaterialUpdate":true,"showSkybox":false,"showFlares":true,"showImageEffects":true,"showParticleSystems":true},"in2DMode":false,"pivot":{"x":-89.46195220947266,"y":-37.64780807495117,"z":79.32315063476563},"rotation":{"x":-0.15510275959968568,"y":0.47951388359069826,"z":-0.08529587835073471,"w":-0.859797477722168},"size":122.28170776367188,"orthographic":false}