{"cameraMode":{"drawMode":0,"name":"Shaded","section":"Shading Mode"},"sceneLighting":false,"audioPlay":false,"sceneViewState":{"showFog":false,"showMaterialUpdate":false,"showSkybox":false,"showFlares":false,"showImageEffects":false,"showParticleSystems":false},"in2DMode":false,"pivot":{"x":2.4532370567321779,"y":-4.863068580627441,"z":-8.38044548034668},"rotation":{"x":-0.1694374680519104,"y":0.7143595218658447,"z":-0.18531064689159394,"w":-0.6531921029090881},"size":10.124532699584961,"orthographic":false}