{"cameraMode":{"drawMode":0,"name":"Shaded","section":"Shading Mode"},"sceneLighting":false,"audioPlay":false,"sceneViewState":{"showFog":false,"showMaterialUpdate":false,"showSkybox":false,"showFlares":false,"showImageEffects":false,"showParticleSystems":false},"in2DMode":false,"pivot":{"x":32.32472229003906,"y":-15.664361000061036,"z":78.37236785888672},"rotation":{"x":0.1709798127412796,"y":0.32134315371513369,"z":-0.058855243027210239,"w":0.9296439290046692},"size":62.88323211669922,"orthographic":false}