{"cameraMode":{"drawMode":0,"name":"Shaded","section":"Shading Mode"},"sceneLighting":false,"audioPlay":false,"sceneViewState":{"showFog":false,"showMaterialUpdate":false,"showSkybox":false,"showFlares":false,"showImageEffects":false,"showParticleSystems":false},"in2DMode":false,"pivot":{"x":-0.8490942716598511,"y":-1.2290658950805665,"z":-11.984477043151856},"rotation":{"x":-0.1694374680519104,"y":0.7143595218658447,"z":-0.18531064689159394,"w":-0.6531921029090881},"size":14.066230773925782,"orthographic":false}