{"cameraMode":{"drawMode":0,"name":"Shaded","section":"Shading Mode"},"sceneLighting":false,"audioPlay":false,"sceneViewState":{"showFog":false,"showMaterialUpdate":false,"showSkybox":false,"showFlares":false,"showImageEffects":false,"showParticleSystems":false},"in2DMode":false,"pivot":{"x":8.109811782836914,"y":6.914175033569336,"z":-10.459232330322266},"rotation":{"x":-0.01403072103857994,"y":0.7057023644447327,"z":-0.013983581215143204,"w":-0.7082464098930359},"size":11.803792953491211,"orthographic":false}