{"cameraMode":{"drawMode":0,"name":"Shaded","section":"Shading Mode"},"sceneLighting":false,"audioPlay":false,"sceneViewState":{"showFog":false,"showMaterialUpdate":false,"showSkybox":false,"showFlares":false,"showImageEffects":false,"showParticleSystems":false},"in2DMode":false,"pivot":{"x":36.12362289428711,"y":-18.631935119628908,"z":73.43878936767578},"rotation":{"x":0.19084088504314423,"y":0.3678363263607025,"z":-0.07715325057506561,"w":0.9069294929504395},"size":62.88323211669922,"orthographic":false}