{"cameraMode":{"drawMode":0,"name":"Shaded","section":"Shading Mode"},"sceneLighting":false,"audioPlay":false,"sceneViewState":{"showFog":true,"showMaterialUpdate":true,"showSkybox":false,"showFlares":true,"showImageEffects":true,"showParticleSystems":true},"in2DMode":false,"pivot":{"x":173.2463836669922,"y":-15.614429473876954,"z":5185.24169921875},"rotation":{"x":-0.16786861419677735,"y":0.06088550016283989,"z":-0.009567859582602978,"w":-0.9841451048851013},"size":61.20808792114258,"orthographic":false}