{"cameraMode":{"drawMode":0,"name":"Shaded","section":"Shading Mode"},"sceneLighting":true,"audioPlay":false,"sceneViewState":{"showFog":true,"showMaterialUpdate":true,"showSkybox":true,"showFlares":true,"showImageEffects":true,"showParticleSystems":true},"in2DMode":false,"pivot":{"x":190.4680633544922,"y":-22.97983169555664,"z":5169.3125},"rotation":{"x":0.30670636892318728,"y":0.4721287488937378,"z":-0.17949756979942323,"w":0.806727945804596},"size":61.50715255737305,"orthographic":false}